Workbook

Sheet 总表
A1: 排名 | B1: 候选人 | C1: 应聘岗位 | D1: 当前公司 | E1: 工作年限 | F1: 专业能力(40) | G1: 沟通表达(25) | H1: 组织协调(20) | I1: 责任心(10) | J1: 文化匹配(5) | K1: 稳定性(5) | L1: 总分 | M1: 面试结论
A2: =RANK(L2,$L$2:$L$20,0) | F2: ='单人评价页'!B4+'单人评价页'!B6+'单人评价页'!B7 | G2: ='单人评价页'!B5+'单人评价页'!B8 | H2: ='单人评价页'!B6+'单人评价页'!B12 | I2: ='单人评价页'!B7 | J2: ='单人评价页'!B8 | K2: ='单人评价页'!B9+'单人评价页'!B10 | L2: =SUM(F2:K2) | M2: =IF(L2>=90,"强烈推荐",IF(L2>=80,"推荐录用",IF(L2>=70,"保留观察","不推荐")))
A3: =RANK(L3,$L$2:$L$20,0) | F3: ='单人评价页'!B4+'单人评价页'!B6+'单人评价页'!B7 | G3: ='单人评价页'!B5+'单人评价页'!B8 | H3: ='单人评价页'!B6+'单人评价页'!B12 | I3: ='单人评价页'!B7 | J3: ='单人评价页'!B8 | K3: ='单人评价页'!B9+'单人评价页'!B10 | L3: =SUM(F3:K3) | M3: =IF(L3>=90,"强烈推荐",IF(L3>=80,"推荐录用",IF(L3>=70,"保留观察","不推荐")))
A4: =RANK(L4,$L$2:$L$20,0) | F4: ='单人评价页'!B4+'单人评价页'!B6+'单人评价页'!B7 | G4: ='单人评价页'!B5+'单人评价页'!B8 | H4: ='单人评价页'!B6+'单人评价页'!B12 | I4: ='单人评价页'!B7 | J4: ='单人评价页'!B8 | K4: ='单人评价页'!B9+'单人评价页'!B10 | L4: =SUM(F4:K4) | M4: =IF(L4>=90,"强烈推荐",IF(L4>=80,"推荐录用",IF(L4>=70,"保留观察","不推荐")))
A5: =RANK(L5,$L$2:$L$20,0) | F5: ='单人评价页'!B4+'单人评价页'!B6+'单人评价页'!B7 | G5: ='单人评价页'!B5+'单人评价页'!B8 | H5: ='单人评价页'!B6+'单人评价页'!B12 | I5: ='单人评价页'!B7 | J5: ='单人评价页'!B8 | K5: ='单人评价页'!B9+'单人评价页'!B10 | L5: =SUM(F5:K5) | M5: =IF(L5>=90,"强烈推荐",IF(L5>=80,"推荐录用",IF(L5>=70,"保留观察","不推荐")))
A6: =RANK(L6,$L$2:$L$20,0) | F6: ='单人评价页'!B4+'单人评价页'!B6+'单人评价页'!B7 | G6: ='单人评价页'!B5+'单人评价页'!B8 | H6: ='单人评价页'!B6+'单人评价页'!B12 | I6: ='单人评价页'!B7 | J6: ='单人评价页'!B8 | K6: ='单人评价页'!B9+'单人评价页'!B10 | L6: =SUM(F6:K6) | M6: =IF(L6>=90,"强烈推荐",IF(L6>=80,"推荐录用",IF(L6>=70,"保留观察","不推荐")))
A7: =RANK(L7,$L$2:$L$20,0) | F7: ='单人评价页'!B4+'单人评价页'!B6+'单人评价页'!B7 | G7: ='单人评价页'!B5+'单人评价页'!B8 | H7: ='单人评价页'!B6+'单人评价页'!B12 | I7: ='单人评价页'!B7 | J7: ='单人评价页'!B8 | K7: ='单人评价页'!B9+'单人评价页'!B10 | L7: =SUM(F7:K7) | M7: =IF(L7>=90,"强烈推荐",IF(L7>=80,"推荐录用",IF(L7>=70,"保留观察","不推荐")))
A8: =RANK(L8,$L$2:$L$20,0) | F8: ='单人评价页'!B4+'单人评价页'!B6+'单人评价页'!B7 | G8: ='单人评价页'!B5+'单人评价页'!B8 | H8: ='单人评价页'!B6+'单人评价页'!B12 | I8: ='单人评价页'!B7 | J8: ='单人评价页'!B8 | K8: ='单人评价页'!B9+'单人评价页'!B10 | L8: =SUM(F8:K8) | M8: =IF(L8>=90,"强烈推荐",IF(L8>=80,"推荐录用",IF(L8>=70,"保留观察","不推荐")))
A9: =RANK(L9,$L$2:$L$20,0) | F9: ='单人评价页'!B4+'单人评价页'!B6+'单人评价页'!B7 | G9: ='单人评价页'!B5+'单人评价页'!B8 | H9: ='单人评价页'!B6+'单人评价页'!B12 | I9: ='单人评价页'!B7 | J9: ='单人评价页'!B8 | K9: ='单人评价页'!B9+'单人评价页'!B10 | L9: =SUM(F9:K9) | M9: =IF(L9>=90,"强烈推荐",IF(L9>=80,"推荐录用",IF(L9>=70,"保留观察","不推荐")))
A10: =RANK(L10,$L$2:$L$20,0) | F10: ='单人评价页'!B4+'单人评价页'!B6+'单人评价页'!B7 | G10: ='单人评价页'!B5+'单人评价页'!B8 | H10: ='单人评价页'!B6+'单人评价页'!B12 | I10: ='单人评价页'!B7 | J10: ='单人评价页'!B8 | K10: ='单人评价页'!B9+'单人评价页'!B10 | L10: =SUM(F10:K10) | M10: =IF(L10>=90,"强烈推荐",IF(L10>=80,"推荐录用",IF(L10>=70,"保留观察","不推荐")))
A11: =RANK(L11,$L$2:$L$20,0) | F11: ='单人评价页'!B4+'单人评价页'!B6+'单人评价页'!B7 | G11: ='单人评价页'!B5+'单人评价页'!B8 | H11: ='单人评价页'!B6+'单人评价页'!B12 | I11: ='单人评价页'!B7 | J11: ='单人评价页'!B8 | K11: ='单人评价页'!B9+'单人评价页'!B10 | L11: =SUM(F11:K11) | M11: =IF(L11>=90,"强烈推荐",IF(L11>=80,"推荐录用",IF(L11>=70,"保留观察","不推荐")))
A12: =RANK(L12,$L$2:$L$20,0) | F12: ='单人评价页'!B4+'单人评价页'!B6+'单人评价页'!B7 | G12: ='单人评价页'!B5+'单人评价页'!B8 | H12: ='单人评价页'!B6+'单人评价页'!B12 | I12: ='单人评价页'!B7 | J12: ='单人评价页'!B8 | K12: ='单人评价页'!B9+'单人评价页'!B10 | L12: =SUM(F12:K12) | M12: =IF(L12>=90,"强烈推荐",IF(L12>=80,"推荐录用",IF(L12>=70,"保留观察","不推荐")))
A13: =RANK(L13,$L$2:$L$20,0) | F13: ='单人评价页'!B4+'单人评价页'!B6+'单人评价页'!B7 | G13: ='单人评价页'!B5+'单人评价页'!B8 | H13: ='单人评价页'!B6+'单人评价页'!B12 | I13: ='单人评价页'!B7 | J13: ='单人评价页'!B8 | K13: ='单人评价页'!B9+'单人评价页'!B10 | L13: =SUM(F13:K13) | M13: =IF(L13>=90,"强烈推荐",IF(L13>=80,"推荐录用",IF(L13>=70,"保留观察","不推荐")))
A14: =RANK(L14,$L$2:$L$20,0) | F14: ='单人评价页'!B4+'单人评价页'!B6+'单人评价页'!B7 | G14: ='单人评价页'!B5+'单人评价页'!B8 | H14: ='单人评价页'!B6+'单人评价页'!B12 | I14: ='单人评价页'!B7 | J14: ='单人评价页'!B8 | K14: ='单人评价页'!B9+'单人评价页'!B10 | L14: =SUM(F14:K14) | M14: =IF(L14>=90,"强烈推荐",IF(L14>=80,"推荐录用",IF(L14>=70,"保留观察","不推荐")))
A15: =RANK(L15,$L$2:$L$20,0) | F15: ='单人评价页'!B4+'单人评价页'!B6+'单人评价页'!B7 | G15: ='单人评价页'!B5+'单人评价页'!B8 | H15: ='单人评价页'!B6+'单人评价页'!B12 | I15: ='单人评价页'!B7 | J15: ='单人评价页'!B8 | K15: ='单人评价页'!B9+'单人评价页'!B10 | L15: =SUM(F15:K15) | M15: =IF(L15>=90,"强烈推荐",IF(L15>=80,"推荐录用",IF(L15>=70,"保留观察","不推荐")))
A16: =RANK(L16,$L$2:$L$20,0) | F16: ='单人评价页'!B4+'单人评价页'!B6+'单人评价页'!B7 | G16: ='单人评价页'!B5+'单人评价页'!B8 | H16: ='单人评价页'!B6+'单人评价页'!B12 | I16: ='单人评价页'!B7 | J16: ='单人评价页'!B8 | K16: ='单人评价页'!B9+'单人评价页'!B10 | L16: =SUM(F16:K16) | M16: =IF(L16>=90,"强烈推荐",IF(L16>=80,"推荐录用",IF(L16>=70,"保留观察","不推荐")))
A17: =RANK(L17,$L$2:$L$20,0) | F17: ='单人评价页'!B4+'单人评价页'!B6+'单人评价页'!B7 | G17: ='单人评价页'!B5+'单人评价页'!B8 | H17: ='单人评价页'!B6+'单人评价页'!B12 | I17: ='单人评价页'!B7 | J17: ='单人评价页'!B8 | K17: ='单人评价页'!B9+'单人评价页'!B10 | L17: =SUM(F17:K17) | M17: =IF(L17>=90,"强烈推荐",IF(L17>=80,"推荐录用",IF(L17>=70,"保留观察","不推荐")))
A18: =RANK(L18,$L$2:$L$20,0) | F18: ='单人评价页'!B4+'单人评价页'!B6+'单人评价页'!B7 | G18: ='单人评价页'!B5+'单人评价页'!B8 | H18: ='单人评价页'!B6+'单人评价页'!B12 | I18: ='单人评价页'!B7 | J18: ='单人评价页'!B8 | K18: ='单人评价页'!B9+'单人评价页'!B10 | L18: =SUM(F18:K18) | M18: =IF(L18>=90,"强烈推荐",IF(L18>=80,"推荐录用",IF(L18>=70,"保留观察","不推荐")))
A19: =RANK(L19,$L$2:$L$20,0) | F19: ='单人评价页'!B4+'单人评价页'!B6+'单人评价页'!B7 | G19: ='单人评价页'!B5+'单人评价页'!B8 | H19: ='单人评价页'!B6+'单人评价页'!B12 | I19: ='单人评价页'!B7 | J19: ='单人评价页'!B8 | K19: ='单人评价页'!B9+'单人评价页'!B10 | L19: =SUM(F19:K19) | M19: =IF(L19>=90,"强烈推荐",IF(L19>=80,"推荐录用",IF(L19>=70,"保留观察","不推荐")))
A20: =RANK(L20,$L$2:$L$20,0) | F20: ='单人评价页'!B4+'单人评价页'!B6+'单人评价页'!B7 | G20: ='单人评价页'!B5+'单人评价页'!B8 | H20: ='单人评价页'!B6+'单人评价页'!B12 | I20: ='单人评价页'!B7 | J20: ='单人评价页'!B8 | K20: ='单人评价页'!B9+'单人评价页'!B10 | L20: =SUM(F20:K20) | M20: =IF(L20>=90,"强烈推荐",IF(L20>=80,"推荐录用",IF(L20>=70,"保留观察","不推荐")))

Sheet 单人评价页
A1: 面试候选人评价表
A2: 候选人姓名： | C2: 应聘岗位： | E2: 面试日期：
A3: 评价维度 | B3: 评分(0~10) | C3: 评价说明
A4: 文书处理能力 | B4: 0 | C4: 考察公文写作、材料整理、文档格式规范等能力
A5: 沟通协调能力 | B5: 0 | C5: 考察语言表达、沟通技巧、协调各方关系的能力
A6: 组织安排能力 | B6: 0 | C6: 考察工作计划制定、任务分配、流程管理能力
A7: 时间管理能力 | B7: 0 | C7: 考察时间规划、优先级判断、多任务处理能力
A8: 责任心与执行力 | B8: 0 | C8: 考察工作态度、任务完成度、主动承担意识
A9: 适应力与学习力 | B9: 0 | C9: 考察对新环境/新任务的适应速度和学习意愿
A10: 团队协作能力 | B10: 0 | C10: 考察团队合作意识、配合度、共同目标感
A11: 企业文化匹配度 | B11: 0 | C11: 考察价值观、工作风格与公司文化的契合程度
A12: 稳定性/职业规划匹配 | B12: 0 | C12: 考察职业规划清晰度、岗位匹配度、长期稳定意愿
A13: 稳定性评估（HR模块） | B13: 0 | C13: HR综合评估候选人的稳定性风险
A14: 执行力评估（HR模块） | B14: 0 | C14: HR综合评估候选人的执行力水平
A15: 办公技能评估（HR模块） | B15: 0 | C15: HR评估Office/OA系统等办公软件熟练度
A17: 合计得分 | B17: =SUM(B4:B15)
A18: 综合评语：
A20: 面试官签名： | C20: 日期：
